year,feature,coef,se,t
2020,lpm,1.0370650447196472,0.014485137105095,71.59511416394326
2020,ewm_adj_time,0.011944183759015514,0.025429826772892128,0.4696919041441471
2020,best3_adj_time,-0.05005068121092742,0.01997734684941721,-2.505371788766211
2020,ewm_adj_last3f,-0.05752803155367699,0.015249786055329544,-3.77238286130394
2020,elo_pre,0.025009133703562482,0.018114624917811618,1.3806045566514424
2020,prior_top3_rate,-0.061937033992445475,0.013033944925409081,-4.751979108926727
2020,n_prior_log,-0.005689197325478578,0.013996911062527847,-0.40646091841717447
2020,prev_fin_pct,0.023857400445653834,0.019600902074455705,1.217158289706742
2020,prev_pop_pct,0.048734961388863955,0.016184400277366586,3.0112306019159933
2020,prev_margin,0.016058683559894163,0.01995949409968097,0.8045636567587574
2020,prev_pace_pos,0.0022396096266144947,0.01229542178133345,0.18214988200035598
2020,style_x_front,-0.005558194249025776,0.013023487599727648,-0.42678231974836073
2020,prev_race_top3_adj,-0.05368789935820521,0.014168923975817527,-3.78913031432985
2020,prev_race_next_adj,-0.05149303043538259,0.011808028755914251,-4.360849003657061
2020,class_change,0.021141741988198383,0.012689564225819202,1.6660731300119593
2020,dist_change,0.0034366787916000566,0.01257094775079874,0.2733826326962257
2020,surface_change,0.012282974144576575,0.016141247974289494,0.760968059231941
2020,interval_log,0.033801632518885676,0.01135785505721921,2.976057745815385
2020,年齢,-0.0607529942225239,0.017692055353908272,-3.433913867396036
2020,斤量,-0.005144327656810633,0.011816683653778828,-0.43534445090823276
2020,馬番,0.01658058658732768,0.009693804291099192,1.710431332160471
2020,no_history,0.11784088410870851,0.13493671136995902,0.8733048472303545
2020,no_prev_race,-0.12187600318878046,0.11727462552981756,-1.0392359185814921
2021,lpm,1.0377117032080863,0.012963520273644247,80.04860418337351
2021,ewm_adj_time,-0.0014413774765072679,0.022593834273720744,-0.06379516902909027
2021,best3_adj_time,-0.04083573452289978,0.017663122742990676,-2.311920441084223
2021,ewm_adj_last3f,-0.05815958563805065,0.013558445785170691,-4.289546645653269
2021,elo_pre,0.024201198571060546,0.015975608289603406,1.51488432442414
2021,prior_top3_rate,-0.07138298005473145,0.011629788576590755,-6.137943057573382
2021,n_prior_log,-0.00415735213497477,0.012630853586070951,-0.3291426115143487
2021,prev_fin_pct,0.02433515302921987,0.017417063533205632,1.3972018292764967
2021,prev_pop_pct,0.046053489646388696,0.014400056903065778,3.1981463654205347
2021,prev_margin,0.023590150953723056,0.01773820803033086,1.3299060938616718
2021,prev_pace_pos,0.0025675538693168114,0.010914449567024516,0.23524355062980742
2021,style_x_front,-0.0011408422720764887,0.011571801079030384,-0.09858813371272376
2021,prev_race_top3_adj,-0.048489945073702516,0.012565493498165983,-3.858976575872642
2021,prev_race_next_adj,-0.04201939829258856,0.010486199335026418,-4.007114203163552
2021,class_change,0.011191290380679285,0.011264141521444808,0.9935324728807048
2021,dist_change,0.006744455928753241,0.011182188642204369,0.6031427428525022
2021,surface_change,0.01040250600985844,0.014348380051494856,0.7249951543327482
2021,interval_log,0.03495821083065797,0.010103799426393436,3.459907442277518
2021,年齢,-0.05491257226713507,0.016010509401455396,-3.4297829563213886
2021,斤量,-0.003673771760070923,0.01052152135039047,-0.3491673530591261
2021,馬番,0.015742346230385174,0.008653248931942619,1.8192411144297314
2021,no_history,0.010905967627172506,0.11898995240691258,0.09165452550041474
2021,no_prev_race,0.006331153148074301,0.09997372313977435,0.06332817213601866
2022,lpm,1.0444140409515084,0.011855668029280461,88.09406929850543
2022,ewm_adj_time,0.009698500439611143,0.020535656400840388,0.4722761352402764
2022,best3_adj_time,-0.03554158805066293,0.016016030415124043,-2.219125908820751
2022,ewm_adj_last3f,-0.06935343043720611,0.012301554988669016,-5.637777541220413
2022,elo_pre,0.012782496025539958,0.014477752662309487,0.8829060921048294
2022,prior_top3_rate,-0.0686898865589486,0.010611350363187897,-6.473246496246361
2022,n_prior_log,-0.004762032402464113,0.011616041963467388,-0.40995309912281397
2022,prev_fin_pct,0.023666629083764202,0.015877202355037947,1.4906044877770683
2022,prev_pop_pct,0.040020095160497905,0.013110303078807896,3.052568267867754
2022,prev_margin,0.024975341106731497,0.01622168984814831,1.5396263484585366
2022,prev_pace_pos,-0.0068383494075020335,0.009954524799769854,-0.6869589001034118
2022,style_x_front,0.001284277807076487,0.010525756903451094,0.12201286984458182
2022,prev_race_top3_adj,-0.045423390919438734,0.011441164274641381,-3.9701720759413286
2022,prev_race_next_adj,-0.05013024389502146,0.0095420291165837,-5.253625123391933
2022,class_change,0.014020311304370538,0.010274287875387275,1.3646017587220918
2022,dist_change,0.007857319210855467,0.010200988500746806,0.7702507664115334
2022,surface_change,0.013617924482138175,0.01297701106927298,1.0493883691278305
2022,interval_log,0.034342998006545694,0.009208041375707621,3.7296745969396228
2022,年齢,-0.05860555498211926,0.014874979445138525,-3.9398746867695915
2022,斤量,-0.004395766090368494,0.009600727973334545,-0.4578575814852243
2022,馬番,0.013197793489244942,0.007904321444039271,1.6696934180476088
2022,no_history,0.016552858937792344,0.11034095989509045,0.15001554231112732
2022,no_prev_race,-0.01970570496939146,0.0907202136888995,-0.2172140493073226
2023,lpm,1.0461821276277767,0.010979903240543543,95.2815434442742
2023,ewm_adj_time,0.007666388165117438,0.01905554039983782,0.40231806625555927
2023,best3_adj_time,-0.03425484486655869,0.014809180671265399,-2.3130817043122565
2023,ewm_adj_last3f,-0.06170242346554203,0.011374406067290954,-5.4246721191867655
2023,elo_pre,0.01229377412734186,0.013413447989225658,0.9165260220352608
2023,prior_top3_rate,-0.06555961666040597,0.009822593267845812,-6.674369473794145
2023,n_prior_log,-0.007536533753070396,0.010848191236836233,-0.6947272212052514
2023,prev_fin_pct,0.02771061244134004,0.014706441131350766,1.8842500502903696
2023,prev_pop_pct,0.03356348173272567,0.012123137659938435,2.768547439961687
2023,prev_margin,0.018326174150434436,0.01508438154562527,1.2149105414102537
2023,prev_pace_pos,-0.009902687462907782,0.00925428453784583,-1.0700651598089812
2023,style_x_front,0.001860074153400648,0.009750830898689423,0.19076057955744616
2023,prev_race_top3_adj,-0.04786106847533835,0.010593061884932854,-4.518152446877896
2023,prev_race_next_adj,-0.0528554652110087,0.008818372190858945,-5.993789337424231
2023,class_change,0.015338534372766464,0.009510597897757411,1.6127833957088307
2023,dist_change,0.00920970948341881,0.00945044827204004,0.9745262042930306
2023,surface_change,0.015459949034692754,0.011960824933643805,1.2925487264015125
2023,interval_log,0.03558056023118229,0.008500101433635554,4.185898310623363
2023,年齢,-0.05623109680456023,0.013984811491401825,-4.020869129278744
2023,斤量,-0.005150237068163382,0.008902119243409471,-0.5785405617854726
2023,馬番,0.012854846997853777,0.007334062838911013,1.7527593204754308
2023,no_history,0.002253215076614868,0.10255392651851214,0.02197102688416457
2023,no_prev_race,-0.004550137579088628,0.08267494050311014,-0.055036478422593564
2024,lpm,1.045170379342685,0.010267099491184081,101.79801805175143
2024,ewm_adj_time,0.007011490197702274,0.017859509416902886,0.39259142197189056
2024,best3_adj_time,-0.026578651689891333,0.013855075971039946,-1.9183331614670585
2024,ewm_adj_last3f,-0.06922591242568048,0.010625731635971667,-6.514931375767814
2024,elo_pre,0.01120399486589991,0.012540557702435274,0.8934207817347856
2024,prior_top3_rate,-0.06218920072748427,0.009190500903203867,-6.766682402022801
2024,n_prior_log,-0.008647837648864383,0.010222665360597858,-0.8459474455846441
2024,prev_fin_pct,0.032992715742511135,0.013752433134622669,2.399045712096558
2024,prev_pop_pct,0.030463449923375498,0.011354465501642352,2.682948829160576
2024,prev_margin,0.01577743978158728,0.014120456525846065,1.1173462949096775
2024,prev_pace_pos,-0.00889476519452275,0.008672143579119813,-1.0256708867158228
2024,style_x_front,0.0013029249758123227,0.009116002727292672,0.1429272253189939
2024,prev_race_top3_adj,-0.045837558076502194,0.009901719088717701,-4.629252523304848
2024,prev_race_next_adj,-0.04973748773523864,0.008230286403463478,-6.043226844974441
2024,class_change,0.01950931319935647,0.008877226339711145,2.197681173463386
2024,dist_change,0.009144962257427693,0.008846372333589095,1.0337528099178994
2024,surface_change,0.017283775736795084,0.011157176076133339,1.5491174127624772
2024,interval_log,0.031175155243624575,0.007943403787489556,3.924659513434758
2024,年齢,-0.058334558897771914,0.013241752158165336,-4.405350455211529
2024,斤量,-0.004845097864176352,0.008327112956320947,-0.58184605992387
2024,馬番,0.016875968895071345,0.006863712549720546,2.458723143316724
2024,no_history,0.005194651146962305,0.0963705736150364,0.05390287669878308
2024,no_prev_race,-0.0014560176380394754,0.07664812725730678,-0.018996128022171276
2025,lpm,1.0452322746408984,0.00966984473540511,108.09193976133777
2025,ewm_adj_time,0.016102064546432725,0.016778159591376726,0.9597038613644201
2025,best3_adj_time,-0.029141786313134122,0.01302287939173593,-2.237737556843761
2025,ewm_adj_last3f,-0.06930215547313494,0.010031735053017134,-6.908292045880109
2025,elo_pre,0.0056939377613171305,0.01182476827844781,0.48152637136197235
2025,prior_top3_rate,-0.05844505953510678,0.008668654359203944,-6.742114417453124
2025,n_prior_log,-0.011430605032594658,0.009695004893691576,-1.1790200374248823
2025,prev_fin_pct,0.02643537327131599,0.012933582865967038,2.043932725005155
2025,prev_pop_pct,0.025631330772589077,0.010706241244681142,2.3940550363856894
2025,prev_margin,0.020169751504318795,0.013236188850204052,1.52383376609256
2025,prev_pace_pos,-0.014641287172682954,0.008192024764595811,-1.787261097642122
2025,style_x_front,0.003427925064251972,0.008616026008467607,0.39785454000290804
2025,prev_race_top3_adj,-0.04521227092818937,0.009332117026233131,-4.844803253227003
2025,prev_race_next_adj,-0.049525794484320214,0.007764084698313166,-6.378832329724616
2025,class_change,0.016779994467488433,0.008366337488771386,2.005655938456842
2025,dist_change,0.009336043393185287,0.008345963638099335,1.118629770990882
2025,surface_change,0.01278727382668563,0.010568183905317788,1.2099783596925506
2025,interval_log,0.026912706682546767,0.0074933618455569955,3.591539717050231
2025,年齢,-0.057104601452615894,0.012592937341739332,-4.534653028356022
2025,斤量,-0.001768717091128736,0.007882430778310611,-0.22438726591745767
2025,馬番,0.01738877507547321,0.0064805500160244,2.6832251942313747
2025,no_history,0.017051516522983166,0.09170501237539103,0.18593876257475897
2025,no_prev_race,-0.011820501137608984,0.07246387234664192,-0.1631226810660052
2026,lpm,1.0459765154702878,0.009164860515437336,114.12901633455739
2026,ewm_adj_time,0.016506895258588877,0.015922904661003375,1.036676134789386
2026,best3_adj_time,-0.026111302708429464,0.012338213912965858,-2.1162951860471377
2026,ewm_adj_last3f,-0.06732993690702829,0.009538855924570409,-7.058491861020593
2026,elo_pre,0.005686794992470649,0.011208034346239511,0.5073855786655995
2026,prior_top3_rate,-0.0559216762897144,0.008217877594323086,-6.8048806577923635
2026,n_prior_log,-0.00885637833624523,0.00924460917040117,-0.9580046244249076
2026,prev_fin_pct,0.028554553709307488,0.012250821489249998,2.330827670157784
2026,prev_pop_pct,0.026953178898441333,0.010151641029188039,2.6550563422155538
2026,prev_margin,0.01787541728668222,0.01254668422006243,1.424712455749785
2026,prev_pace_pos,-0.014147602711297294,0.007771040463329939,-1.8205545033586092
2026,style_x_front,0.002361548178502744,0.008175922972783642,0.2888417841464463
2026,prev_race_top3_adj,-0.04763641791078436,0.00885552403239279,-5.3792884234218326
2026,prev_race_next_adj,-0.04444180503103702,0.0073605979547534455,-6.037798193058035
2026,class_change,0.018400068291130906,0.00791831144400041,2.3237363699646307
2026,dist_change,0.013398679212981268,0.00792042085850509,1.6916625331333908
2026,surface_change,0.013258487929566335,0.010044682070042601,1.3199509787481112
2026,interval_log,0.028346271199533167,0.00710335156686471,3.990548818076408
2026,年齢,-0.05709017688693541,0.012050059124672045,-4.73775076920954
2026,斤量,-0.004826032604427865,0.007493536240017902,-0.6440260579051174
2026,馬番,0.016911625192086745,0.0061471349533366885,2.7511394040417234
2026,no_history,0.010437371345689676,0.08715371195580186,0.11975819631162428
2026,no_prev_race,-0.005640247798179749,0.06824437315302406,-0.08264780724899687
