year,model,races,LL_per_race,pseudoR2
2020,A 市場のみ,3331,-1.9968331681774825,0.23518821329835726
2020,B 市場+特徴量,3331,-1.9908612640279466,0.23747552640763736
2020,C 特徴量のみ,3331,-2.2299752391736996,0.1458919181868924
2021,A 市場のみ,3329,-1.9531342677775183,0.24968328189096545
2021,B 市場+特徴量,3329,-1.9463200852871079,0.25230102053144243
2021,C 特徴量のみ,3329,-2.200693798924294,0.15458072902959774
2022,A 市場のみ,3331,-1.8982475535746484,0.2671224823980426
2022,B 市場+特徴量,3331,-1.892872470873588,0.2691977002796303
2022,C 特徴量のみ,3331,-2.1372488123249416,0.17484861174992228
2023,A 市場のみ,3329,-1.929668405410336,0.2576204437666276
2023,B 市場+特徴量,3329,-1.9254588233720034,0.2592399487742151
2023,C 特徴量のみ,3329,-2.160256960486742,0.16890871033607724
2024,A 市場のみ,3327,-1.8886232845902382,0.27019075874970977
2024,B 市場+特徴量,3327,-1.8867625410415287,0.270909794593716
2024,C 特徴量のみ,3327,-2.134494319182657,0.17518030607478763
2025,A 市場のみ,3335,-1.92860001742747,0.25840347384797335
2025,B 市場+特徴量,3335,-1.9255688305847845,0.25956904349037746
2025,C 特徴量のみ,3335,-2.174153825748262,0.16398169142104846
2026,A 市場のみ,1661,-1.9456240826624935,0.2583723249190931
2026,B 市場+特徴量,1661,-1.943311531758294,0.259253816758072
2026,C 特徴量のみ,1661,-2.1688762584245787,0.17327367017762085
