axis,group,races,horses,dLL_per_race,ev11_n,ev11_roi,ev11_se,over115_n,over115_roi,over115_se,flat_roi
クラス,1勝,6057,79988,0.005091554218792857,638,98.24451410658307,16.383057871087495,7191,93.30273953553052,4.167123163717293,72.45824373656049
クラス,2勝,3053,40224,8.910825615387467e-05,278,104.53237410071942,27.20328692318063,3537,88.56940910376025,6.049553569207481,73.95410700079553
クラス,3勝,1378,19726,0.003531479150815054,164,236.89024390243904,61.142091110922635,1782,101.84624017957351,9.767247824797128,82.15096826523369
クラス,G1,156,2593,0.013950142846048936,15,346.0,316.5796371636475,141,64.46808510638297,35.29244238764235,59.47551099112995
クラス,G2,244,3448,-0.008555360755991382,17,36.47058823529412,25.49424930067258,267,61.760299625468164,17.56191758526725,75.74825986078886
クラス,G3,441,6536,-0.010301361822533958,60,31.666666666666664,25.526287178119183,599,70.68447412353923,12.477999395459895,81.65238678090574
クラス,OP(L),417,5611,-0.004205588072058625,42,57.857142857142854,33.55536225633652,547,73.345521023766,12.255193676086048,69.99643557298164
クラス,OP特別,461,6394,0.003530500323243649,65,96.92307692307692,29.5787110592905,590,81.0,11.61977473603157,73.75821082264625
クラス,新馬,1885,24903,-0.0008371783037457004,18,138.88888888888889,106.91420079955292,0,,,78.78287756495202
クラス,未勝利,7551,109430,0.008665951276742459,807,117.12515489467164,14.604249054582475,9129,97.46302990469933,4.037651012466919,68.47025495750708
クラス,重賞(無格),2,33,0.0330105759958359,0,,,2,0.0,0.0,261.5151515151515
芝ダ,ダ,10923,154470,0.007365531843881804,1054,126.34724857685009,14.827888821273492,12371,95.75701236763398,3.367392741814459,71.63533372175827
芝ダ,芝,10722,144416,0.0013867233358733422,1050,105.60000000000002,13.381372173632355,11414,89.94743297704574,3.3669548229745265,73.41444161311766
頭数,〜10頭,3302,28969,0.005076390469822481,208,100.0480769230769,26.959055621937644,2318,89.3830888697153,6.486744872687098,71.68628533950086
頭数,11〜13頭,4721,56472,0.00420556066661612,392,158.62244897959184,24.95871324907893,4598,93.29273597216182,4.99531785439069,72.73020257826887
頭数,14〜16頭,11704,179505,0.004832987744542059,1259,114.14614773629866,13.67545556107636,14420,94.25728155339806,3.2076522805838588,72.87295618506448
頭数,17〜18頭,1918,33940,0.001115834273925365,245,70.81632653061224,16.977164092209726,2449,88.17068191098409,7.298651235184115,70.79463759575721
距離,〜1400,7977,117294,0.005868839401087604,967,125.48086866597725,15.738771222734746,9928,95.24476228847705,3.7621372175231564,70.87140007161491
距離,1401〜1800,9341,126328,0.0037070869154981786,792,103.33333333333331,15.164100431507455,9422,91.27786032689451,3.712204410098438,73.51434361345069
距離,1801〜2200,3384,43608,0.0026624396586981164,282,118.65248226950355,25.868983554234493,3447,91.7783579924572,6.247571469768568,75.48064575307282
距離,2201〜,943,11656,0.005163123385765741,63,117.61904761904762,57.20433201171944,988,90.38461538461539,11.56175839088847,66.61461908030198
競馬場,中京,2503,34041,0.0030929427144493287,256,105.19531249999999,29.61450397190653,2669,91.73473210940428,6.832856248823596,72.56396698099351
競馬場,中山,3207,46559,0.0027868805096519815,315,151.3650793650794,31.053115078523152,3515,93.61593172119488,6.498089015149566,69.79896475439766
競馬場,京都,2252,30036,0.006500628952774154,168,156.19047619047618,34.583328732257336,2125,96.98823529411764,7.438955436276923,72.45338926621388
競馬場,函館,936,11554,0.006714420610190209,103,114.9514563106796,43.00396295393197,1128,100.77127659574468,11.560888428246132,74.73775315907912
競馬場,小倉,1753,24847,0.003249331940397931,215,88.32558139534883,24.56657416421959,2372,82.36509274873525,6.694136811797456,78.47667726486094
競馬場,新潟,1928,27683,0.0031434359133446187,202,55.940594059405946,20.43711726150998,2322,95.31007751937985,8.164472960811196,71.44890365928549
競馬場,札幌,1008,12607,0.005252506739499123,104,101.53846153846153,36.385612454700855,1170,99.17948717948717,11.281012253227116,73.94622035377171
競馬場,東京,3465,49167,0.0030261315690503924,280,132.60714285714286,30.131516805309722,3463,89.93069592838579,6.276756468229594,72.73496450871521
競馬場,福島,1329,19187,0.0030288812247436805,174,105.34482758620692,35.81744203440936,1729,85.87044534412955,8.541988760005854,78.33897951738155
競馬場,阪神,3264,43205,0.00801372465568167,287,122.12543554006969,28.289612569576978,3292,98.71810449574727,6.531665424469538,68.71334336303669
年,2020,3331,46394,0.005272846255235231,488,115.02049180327867,22.57116226711208,4343,87.17706654386367,5.266592294404299,77.76350390136655
年,2021,3329,46045,0.0077934200810641915,379,115.85751978891821,24.947963644757923,4124,101.55916585838992,6.453223763270596,71.30828537300468
年,2022,3331,45518,0.005840071346259973,373,107.90884718498658,19.984421435086936,3809,88.14912050406932,5.402441928953215,70.72279098378664
年,2023,3330,45902,0.004193197449720654,297,128.24915824915826,28.386816915293945,3537,96.43765903307889,6.484107786033083,70.97272450002178
年,2024,3328,45437,0.001420125453621451,271,100.92250922509226,24.333305074681203,3306,87.8735632183908,5.795542188871072,71.30818495939432
年,2025,3335,46160,0.0029970786011831664,202,141.73267326732676,35.16492473387716,3032,96.54023746701849,6.499923370127182,72.00433275563259
年,2026,1661,23430,0.0022130919959921507,94,103.08510638297872,35.73525091864925,1634,94.09424724602204,10.169305351788466,74.08792146820316
オッズ帯,1〜3,14370,15826,,22,135.45454545454544,27.498345268808976,1198,98.18864774624375,3.3514398717397684,80.57816251737646
オッズ帯,3〜6,19158,37808,,302,93.24503311258279,10.588407031437567,4683,92.35746316463805,2.622913058368131,79.42551840880238
オッズ帯,6〜12,19737,45146,,611,101.35842880523731,11.064674162018546,6406,91.0177958164221,3.303214750898362,80.59650910379656
オッズ帯,12〜25,20109,51227,,697,108.24964131994261,16.032690526717847,6613,90.96476636927264,4.728596886184114,82.85591582563882
オッズ帯,25〜50,19282,44585,,472,160.02118644067798,34.15591649900976,4875,97.7476923076923,8.256117380626856,74.48334641695638
オッズ帯,50〜,21190,104294,,586,102.83276450511944,35.0844866433956,6506,72.02582231786043,10.996275893688061,59.30993153968589
