scenario,mode,thr,alpha,pool_mult,year,bets,races_bet,staked,returned,roi,roi_ci_lo,roi_ci_hi,profit,avg_odds_impact,end_bank,max_dd
全平地(新馬・重賞・L除く),flat,1.1,1.0,1.0,2020,385,338,38500.0,43900.0,114.02597402597404,71.80061502659575,166.880872358943,5400.0,1.0084646866928337,,
全平地(新馬・重賞・L除く),flat,1.1,1.0,1.0,2021,303,269,30300.0,34150.0,112.70627062706271,65.34447725093698,168.53508394317691,3850.0,1.0085643493503285,,
全平地(新馬・重賞・L除く),flat,1.1,1.0,1.0,2022,316,268,31600.0,32200.0,101.8987341772152,67.26666666666667,143.48724322608388,600.0,1.009600947442086,,
全平地(新馬・重賞・L除く),flat,1.1,1.0,1.0,2023,239,201,23900.0,31890.0,133.43096234309624,70.02030515596068,196.82435344827582,7990.0,1.0097694172735665,,
全平地(新馬・重賞・L除く),flat,1.1,1.0,1.0,2024,217,176,21700.0,24420.0,112.53456221198157,67.1529491759357,174.75812693498452,2720.0,1.0089253286285527,,
全平地(新馬・重賞・L除く),flat,1.1,1.0,1.0,2025,153,138,15300.0,22990.0,150.26143790849673,75.03313758389262,240.18476741477048,7690.0,1.009363380286365,,
全平地(新馬・重賞・L除く),flat,1.1,1.0,1.0,2026,75,65,7500.0,7890.0,105.2,41.55147581792319,185.06428571428566,390.0,1.0085483079788096,,
ダートのみ,flat,1.1,1.0,1.0,2020,216,181,21600.0,32000.0,148.14814814814815,78.05215533492522,235.18197935134,10400.0,1.008699492794604,,
ダートのみ,flat,1.1,1.0,1.0,2021,152,132,15200.0,13630.0,89.67105263157895,37.082364341085274,162.662104562925,-1570.0,1.0091770197366854,,
ダートのみ,flat,1.1,1.0,1.0,2022,182,153,18200.0,17190.0,94.45054945054945,49.52171128589984,150.4864446227929,-1010.0,1.0098474911514723,,
ダートのみ,flat,1.1,1.0,1.0,2023,138,112,13800.0,20360.0,147.53623188405797,73.75666666666666,234.65033507682242,6560.0,1.0096523361395129,,
ダートのみ,flat,1.1,1.0,1.0,2024,95,76,9500.0,12830.0,135.05263157894737,48.69337714863499,249.27699829931964,3330.0,1.009665200852712,,
ダートのみ,flat,1.1,1.0,1.0,2025,61,58,6100.0,10660.0,174.75409836065575,33.908646218931786,323.98078609000584,4560.0,1.0102195209950677,,
ダートのみ,flat,1.1,1.0,1.0,2026,41,37,4100.0,3550.0,86.58536585365853,8.64864864864865,174.21160184574813,-550.0,1.0091382080426297,,
ダート1400m以下,flat,1.1,1.0,1.0,2020,108,85,10800.0,17700.0,163.88888888888889,81.09916769128914,271.5254934210523,6900.0,1.0083733872460061,,
ダート1400m以下,flat,1.1,1.0,1.0,2021,81,72,8100.0,8560.0,105.679012345679,17.411392405063292,237.25598464317974,460.0,1.0088594840256833,,
ダート1400m以下,flat,1.1,1.0,1.0,2022,73,67,7300.0,7850.0,107.53424657534248,25.46246575342466,201.60573170731706,550.0,1.0098636863751806,,
ダート1400m以下,flat,1.1,1.0,1.0,2023,64,55,6400.0,13900.0,217.1875,65.81442307692308,411.6760289210233,7500.0,1.0086719747122987,,
ダート1400m以下,flat,1.1,1.0,1.0,2024,53,38,5300.0,7520.0,141.88679245283018,17.799603174603178,298.9702173913043,2220.0,1.0096678329732764,,
ダート1400m以下,flat,1.1,1.0,1.0,2025,34,31,3400.0,6680.0,196.47058823529412,12.562698412698415,442.8977272727272,3280.0,1.0089012852162464,,
ダート1400m以下,flat,1.1,1.0,1.0,2026,19,19,1900.0,1560.0,82.10526315789474,0.0,229.47368421052633,-340.0,1.0098140664885062,,
参考: 除外した新馬・重賞・L,flat,1.1,1.0,1.0,2020,37,29,3700.0,1180.0,31.891891891891895,0.0,68.49891774891773,-2520.0,1.0092504662021673,,
参考: 除外した新馬・重賞・L,flat,1.1,1.0,1.0,2021,33,25,3300.0,7450.0,225.75757575757578,0.0,550.9131545338439,4150.0,1.0099925219962924,,
参考: 除外した新馬・重賞・L,flat,1.1,1.0,1.0,2022,15,15,1500.0,1410.0,94.0,0.0,266.66666666666663,-90.0,1.008189475331001,,
参考: 除外した新馬・重賞・L,flat,1.1,1.0,1.0,2023,18,13,1800.0,660.0,36.666666666666664,0.0,62.17261904761902,-1140.0,1.0097155334285244,,
参考: 除外した新馬・重賞・L,flat,1.1,1.0,1.0,2024,16,9,1600.0,0.0,0.0,0.0,0.0,-1600.0,1.0103591928209847,,
参考: 除外した新馬・重賞・L,flat,1.1,1.0,1.0,2025,9,7,900.0,0.0,0.0,0.0,0.0,-900.0,1.0141775187160984,,
参考: 除外した新馬・重賞・L,flat,1.1,1.0,1.0,2026,5,5,500.0,1470.0,294.0,0.0,882.0,970.0,1.0071987747951157,,
全平地,flat,1.0,1.0,1.0,2020,1379,1072,137900.0,141860.0,102.8716461203771,83.40044623118223,128.3574269949384,3960.0,1.0093010342002575,,
全平地,flat,1.0,1.0,1.0,2021,1238,979,123800.0,138510.0,111.88206785137318,90.21961725550436,137.81849405410327,14710.0,1.0091193180317757,,
全平地,flat,1.0,1.0,1.0,2022,1131,888,113100.0,122010.0,107.87798408488062,88.07753231919423,128.83475379959899,8910.0,1.0102468197624164,,
全平地,flat,1.0,1.0,1.0,2023,965,774,96500.0,113860.0,117.98963730569949,92.33195490151343,144.90015666017442,17360.0,1.0101904828317134,,
全平地,flat,1.0,1.0,1.0,2024,836,664,83600.0,77590.0,92.811004784689,67.25211973278522,120.60528033794156,-6010.0,1.0102626897984257,,
全平地,flat,1.0,1.0,1.0,2025,700,593,70000.0,80980.0,115.68571428571428,87.69323932219127,145.30898029824525,10980.0,1.0102977701164384,,
全平地,flat,1.0,1.0,1.0,2026,354,306,35400.0,33240.0,93.89830508474576,55.7209503655252,139.9222690507565,-2160.0,1.0088009876033464,,
全平地,flat,1.0,0.7,1.0,2020,382,321,38200.0,48600.0,127.22513089005236,80.22506738544475,182.84926428283754,10400.0,1.0082749770348134,,
全平地,flat,1.0,0.7,1.0,2021,319,261,31900.0,34290.0,107.49216300940438,63.92838323503787,155.706245109047,2390.0,1.0085362932664756,,
全平地,flat,1.0,0.7,1.0,2022,332,256,33200.0,33010.0,99.42771084337349,64.99676621984389,140.28770523735312,-190.0,1.0097941368608194,,
全平地,flat,1.0,0.7,1.0,2023,256,200,25600.0,34610.0,135.1953125,78.37657488315384,200.32731775637083,9010.0,1.0094979260847885,,
全平地,flat,1.0,0.7,1.0,2024,226,154,22600.0,24160.0,106.90265486725663,58.81820570205313,149.69531400966181,1560.0,1.0090390640203089,,
全平地,flat,1.0,0.7,1.0,2025,167,127,16700.0,21670.0,129.76047904191617,61.59366974833077,205.85697693711631,4970.0,1.0095628960771124,,
全平地,flat,1.0,0.7,1.0,2026,77,58,7700.0,9910.0,128.7012987012987,52.10152582159624,222.73972602739713,2210.0,1.008191125306028,,
全平地,flat,1.05,1.0,1.0,2020,741,623,74100.0,82130.0,110.83670715249663,79.07443625595542,141.65171608754656,8030.0,1.0087575622224494,,
全平地,flat,1.05,1.0,1.0,2021,622,540,62200.0,68190.0,109.63022508038584,78.81914719795496,142.0381283357037,5990.0,1.0087828178745957,,
全平地,flat,1.05,1.0,1.0,2022,586,491,58600.0,62690.0,106.97952218430034,77.92393509127788,136.05452857206782,4090.0,1.0099562008138758,,
全平地,flat,1.05,1.0,1.0,2023,482,411,48200.0,68480.0,142.0746887966805,95.15459320219458,189.1901820866141,20280.0,1.01018722182834,,
全平地,flat,1.05,1.0,1.0,2024,411,336,41100.0,41650.0,101.338199513382,68.6694354763785,140.56766036116335,550.0,1.0096454321059738,,
全平地,flat,1.05,1.0,1.0,2025,337,292,33700.0,40830.0,121.15727002967358,75.42809766763848,176.218413286066,7130.0,1.0095002078176147,,
全平地,flat,1.05,1.0,1.0,2026,157,138,15700.0,15100.0,96.17834394904459,40.31213394448689,152.30908059500794,-600.0,1.0088018907470695,,
全平地,flat,1.05,0.7,1.0,2020,138,107,13800.0,18230.0,132.1014492753623,60.23394141829393,221.22601545253855,4430.0,1.0083983145509472,,
全平地,flat,1.05,0.7,1.0,2021,128,89,12800.0,13470.0,105.23437499999999,36.50050759512709,197.51741803278688,670.0,1.0082217734925751,,
全平地,flat,1.05,0.7,1.0,2022,126,80,12600.0,11750.0,93.25396825396825,37.79710144927536,155.93853686635939,-850.0,1.0099976148499181,,
全平地,flat,1.05,0.7,1.0,2023,98,66,9800.0,9960.0,101.63265306122449,44.12375,155.33906862745093,160.0,1.009897173097052,,
全平地,flat,1.05,0.7,1.0,2024,106,60,10600.0,15360.0,144.9056603773585,62.617156862745105,225.6598302687411,4760.0,1.0095014533351117,,
全平地,flat,1.05,0.7,1.0,2025,60,42,6000.0,6580.0,109.66666666666667,31.794466403162055,251.83064516129016,580.0,1.0103160928117978,,
全平地,flat,1.05,0.7,1.0,2026,28,18,2800.0,2710.0,96.78571428571429,0.0,246.88048589341693,-90.0,1.0079391998838334,,
全平地,flat,1.1,1.0,1.0,2020,385,338,38500.0,43900.0,114.02597402597404,71.80061502659575,166.880872358943,5400.0,1.0084646866928337,,
全平地,flat,1.1,1.0,1.0,2021,303,269,30300.0,34150.0,112.70627062706271,65.34447725093698,168.53508394317691,3850.0,1.0085643493503285,,
全平地,flat,1.1,1.0,1.0,2022,316,268,31600.0,32200.0,101.8987341772152,67.26666666666667,143.48724322608388,600.0,1.009600947442086,,
全平地,flat,1.1,1.0,1.0,2023,239,201,23900.0,31890.0,133.43096234309624,70.02030515596068,196.82435344827582,7990.0,1.0097694172735665,,
全平地,flat,1.1,1.0,1.0,2024,217,176,21700.0,24420.0,112.53456221198157,67.1529491759357,174.75812693498452,2720.0,1.0089253286285527,,
全平地,flat,1.1,1.0,1.0,2025,153,138,15300.0,22990.0,150.26143790849673,75.03313758389262,240.18476741477048,7690.0,1.009363380286365,,
全平地,flat,1.1,1.0,1.0,2026,75,65,7500.0,7890.0,105.2,41.55147581792319,185.06428571428566,390.0,1.0085483079788096,,
全平地,flat,1.1,0.7,1.0,2020,57,36,5700.0,7340.0,128.7719298245614,17.558249040809216,238.0707089552239,1640.0,1.0087322793431948,,
全平地,flat,1.1,0.7,1.0,2021,51,33,5100.0,2750.0,53.92156862745098,10.481686046511628,90.75502232142853,-2350.0,1.0097253622994022,,
全平地,flat,1.1,0.7,1.0,2022,62,32,6200.0,5050.0,81.45161290322581,5.986363636363637,160.720818815331,-1150.0,1.0094307867220187,,
全平地,flat,1.1,0.7,1.0,2023,50,26,5000.0,5850.0,117.0,28.81821895424837,184.25237154150196,850.0,1.0092824723211,,
全平地,flat,1.1,0.7,1.0,2024,63,32,6300.0,11360.0,180.31746031746033,68.80890661349285,304.14355322338827,5060.0,1.0100138669985292,,
全平地,flat,1.1,0.7,1.0,2025,22,14,2200.0,1770.0,80.45454545454545,22.21078431372549,163.17418546365914,-430.0,1.0103645842452986,,
全平地,flat,1.1,0.7,1.0,2026,13,7,1300.0,900.0,69.23076923076923,0.0,142.10526315789474,-400.0,1.0092557262944628,,
全平地,flat,1.2,1.0,1.0,2020,88,76,8800.0,9560.0,108.63636363636364,34.330537400145246,217.77659090909086,760.0,1.0083866634517524,,
全平地,flat,1.2,1.0,1.0,2021,78,69,7800.0,3840.0,49.23076923076923,10.124812312312313,95.3566919191919,-3960.0,1.007974643149428,,
全平地,flat,1.2,1.0,1.0,2022,83,60,8300.0,4270.0,51.445783132530124,0.0,115.81962365591396,-4030.0,1.0084065345509088,,
全平地,flat,1.2,1.0,1.0,2023,63,49,6300.0,6860.0,108.88888888888889,32.99956140350877,184.84422049538608,560.0,1.00854888414529,,
全平地,flat,1.2,1.0,1.0,2024,62,46,6200.0,7690.0,124.03225806451613,42.60367334547662,238.7737967914438,1490.0,1.0086653333561875,,
全平地,flat,1.2,1.0,1.0,2025,30,28,3000.0,4520.0,150.66666666666666,0.0,388.0426470588235,1520.0,1.0067746692808377,,
全平地,flat,1.2,1.0,1.0,2026,15,13,1500.0,0.0,0.0,0.0,0.0,-1500.0,1.008632284469632,,
全平地,flat,1.2,0.7,1.0,2020,18,9,1800.0,5190.0,288.3333333333333,0.0,609.0,3390.0,1.0092478721025313,,
全平地,flat,1.2,0.7,1.0,2021,14,7,1400.0,2330.0,166.42857142857144,46.666666666666664,286.6666666666667,930.0,1.0093837299770936,,
全平地,flat,1.2,0.7,1.0,2022,28,10,2800.0,4270.0,152.5,17.600619195046445,295.91666666666663,1470.0,1.008399214329661,,
全平地,flat,1.2,0.7,1.0,2023,20,6,2000.0,3270.0,163.5,0.0,266.4810606060602,1270.0,1.0088409902724533,,
全平地,flat,1.2,0.7,1.0,2024,24,7,2400.0,5500.0,229.16666666666666,78.09683794466405,398.741935483871,3100.0,1.0098671699757906,,
全平地,flat,1.2,0.7,1.0,2025,2,2,200.0,0.0,0.0,,,-200.0,1.0107819074333801,,
全平地,flat,1.2,0.7,1.0,2026,3,2,300.0,0.0,0.0,,,-300.0,1.0130834976988823,,
全平地,kelly,1.1,0.7,0.5,2020,57,36,273700.0,365000.0,133.35769090244793,36.7755498306231,193.44816982581608,91300.0,1.0096526622885502,1091300.0,0.05738
全平地,kelly,1.1,0.7,0.5,2021,51,33,250000.0,262190.0,104.87599999999999,31.579480519480523,161.6710925872501,12190.0,1.0102234650793926,1012190.0,0.0657856492336311
全平地,kelly,1.1,0.7,0.5,2022,62,32,352600.0,336440.0,95.41690300623937,26.79039033858781,139.99936666637007,-16160.0,1.0106935487179078,983840.0,0.0628
全平地,kelly,1.1,0.7,0.5,2023,50,26,329000.0,427270.0,129.8693009118541,51.75509502440236,178.9005953864802,98270.0,1.0118651357018047,1098270.0,0.04596215303960645
全平地,kelly,1.1,0.7,0.5,2024,63,32,436500.0,645850.0,147.9610538373425,105.84171925502342,195.59730592791846,209350.0,1.0121578668942406,1209350.0,0.03140747255969069
全平地,kelly,1.1,0.7,0.5,2025,22,14,101100.0,169180.0,167.33926805143423,76.20785467663913,305.1416211942042,68080.0,1.0107476383203073,1068080.0,0.0175
全平地,kelly,1.1,0.7,0.5,2026,13,7,67500.0,42300.0,62.66666666666667,0.0,104.33183766633111,-25200.0,1.0095344258563352,974800.0,0.0293
全平地,kelly,1.1,0.7,1.0,2020,57,36,275600.0,375730.0,136.33164005805517,38.323638785322395,196.40936276207353,100130.0,1.0089030730093214,1100130.0,0.05362
全平地,kelly,1.1,0.7,1.0,2021,51,33,250100.0,262190.0,104.83406637345063,31.546651537061766,161.6001042474699,12090.0,1.0097922817225387,1012090.0,0.06570149427292285
全平地,kelly,1.1,0.7,1.0,2022,62,32,353400.0,336720.0,95.28013582342955,26.706518070545073,139.99475327698087,-16680.0,1.009622218828381,983320.0,0.0631
全平地,kelly,1.1,0.7,1.0,2023,50,26,330700.0,432890.0,130.90111883882673,51.67841386518684,179.9405920501071,102190.0,1.0100731234391593,1102190.0,0.046052866902743496
全平地,kelly,1.1,0.7,1.0,2024,63,32,437300.0,646050.0,147.73610793505603,105.78814013212362,195.12797137423033,208750.0,1.0108247370758816,1208750.0,0.03132159155471657
全平地,kelly,1.1,0.7,1.0,2025,22,14,101300.0,169180.0,167.00888450148074,75.93741989764995,304.653323540213,67880.0,1.0103645842452986,1067880.0,0.0176
全平地,kelly,1.1,0.7,1.0,2026,13,7,67600.0,42300.0,62.57396449704142,0.0,104.07513883307148,-25300.0,1.0092557262944628,974700.0,0.0293
全平地,kelly,1.1,0.7,2.0,2020,57,36,275700.0,375730.0,136.28219078708742,38.323638785322395,196.3192518913257,100030.0,1.0087322793431948,1100030.0,0.05362
全平地,kelly,1.1,0.7,2.0,2021,51,33,250200.0,262190.0,104.79216626698641,31.546651537061766,161.52917838088234,11990.0,1.0097253622994022,1011990.0,0.06570786168398202
全平地,kelly,1.1,0.7,2.0,2022,62,32,353400.0,337000.0,95.35936615732881,26.706518070545073,139.99475327698087,-16400.0,1.0094307867220187,983600.0,0.0631
全平地,kelly,1.1,0.7,2.0,2023,50,26,330800.0,432890.0,130.86154776299878,51.67841386518684,179.86014428449798,102090.0,1.0094928569122157,1102090.0,0.04605698545851294
全平地,kelly,1.1,0.7,2.0,2024,63,32,437300.0,645790.0,147.67665218385548,105.71053820861738,195.12603107572286,208490.0,1.0102997317595495,1208490.0,0.0315598482488133
全平地,kelly,1.1,0.7,2.0,2025,22,14,101300.0,169180.0,167.00888450148074,75.93741989764995,304.653323540213,67880.0,1.0103645842452986,1067880.0,0.0176
全平地,kelly,1.1,0.7,2.0,2026,13,7,67600.0,42300.0,62.57396449704142,0.0,104.07513883307148,-25300.0,1.0092557262944628,974700.0,0.0293
ダートのみ,kelly,1.1,0.7,1.0,2020,33,20,114800.0,98980.0,86.21951219512195,0.0,177.1151196742532,-15820.0,1.0074511632259653,984180.0,0.02792
ダートのみ,kelly,1.1,0.7,1.0,2021,33,17,195000.0,203640.0,104.43076923076924,0.0,152.41912789755227,8640.0,1.0105793122560813,1008640.0,0.0313
ダートのみ,kelly,1.1,0.7,1.0,2022,34,18,224300.0,228330.0,101.79670084707982,0.0,151.57507704858585,4030.0,1.0094399710259134,1004030.0,0.0337
ダートのみ,kelly,1.1,0.7,1.0,2023,33,15,257400.0,327810.0,127.35431235431236,23.71808510638301,179.5109801640273,70410.0,1.0106850777255059,1070410.0,0.036456598644354625
ダートのみ,kelly,1.1,0.7,1.0,2024,34,17,235900.0,317520.0,134.59940652818992,51.95117330686338,168.66521494425373,81620.0,1.0103551936457622,1081620.0,0.02944955035082518
ダートのみ,kelly,1.1,0.7,1.0,2025,1,1,2500.0,0.0,0.0,,,-2500.0,1.005780346820809,997500.0,0.0025
ダートのみ,kelly,1.1,0.7,1.0,2026,6,2,39300.0,43200.0,109.92366412213741,,,3900.0,1.0097877139475857,1003900.0,0.001690533015115354
ダート1400m以下,kelly,1.1,0.7,1.0,2020,25,12,94700.0,98980.0,104.519535374868,0.0,225.38423586519713,4280.0,1.0074058386011395,1004280.0,0.02112
ダート1400m以下,kelly,1.1,0.7,1.0,2021,18,11,92900.0,76300.0,82.13132400430571,0.0,169.4300518134715,-16600.0,1.0096856635990068,983400.0,0.0375
ダート1400m以下,kelly,1.1,0.7,1.0,2022,7,6,22800.0,0.0,0.0,0.0,0.0,-22800.0,1.0090393950944627,977200.0,0.0228
ダート1400m以下,kelly,1.1,0.7,1.0,2023,11,6,90400.0,170000.0,188.05309734513273,0.0,226.2217736412584,79600.0,1.010246716701863,1079600.0,0.016130502141620342
ダート1400m以下,kelly,1.1,0.7,1.0,2024,19,7,156400.0,229840.0,146.95652173913044,63.35211267605643,256.71783625730956,73440.0,1.0112564619492916,1073440.0,0.018776558948512698
ダート1400m以下,kelly,1.1,0.7,1.0,2025,1,1,2500.0,0.0,0.0,,,-2500.0,1.005780346820809,997500.0,0.0025
ダート1400m以下,kelly,1.1,0.7,1.0,2026,1,1,1700.0,0.0,0.0,,,-1700.0,1.0060975609756098,998300.0,0.0017
