year,thr,n,roi
2020,1.0,1387,108.42826243691421
2020,1.1,336,112.38095238095238
2020,1.2,68,123.52941176470588
2021,1.0,1359,104.21633554083887
2021,1.1,319,129.05956112852667
2021,1.2,74,102.4324324324324
2022,1.0,1216,96.90789473684211
2022,1.1,312,97.91666666666666
2022,1.2,81,75.30864197530866
2023,1.0,1042,104.04990403071017
2023,1.1,239,111.4644351464435
2023,1.2,62,126.77419354838713
2024,1.0,924,100.08658008658008
2024,1.1,199,115.47738693467338
2024,1.2,66,121.66666666666666
2025,1.0,785,99.79617834394904
2025,1.1,160,134.375
2025,1.2,23,70.0
2026,1.0,388,105.41237113402062
2026,1.1,85,121.41176470588233
2026,1.2,17,73.52941176470588
